{
  "hash": "d51c7c44",
  "configHash": "a4b0d3b1",
  "lockfileHash": "d8eee6f8",
  "browserHash": "a369858e",
  "optimized": {
    "@angular/common/http": {
      "src": "../../../../../../node_modules/@angular/common/fesm2022/http.mjs",
      "file": "@angular_common_http.js",
      "fileHash": "a7b5659a",
      "needsInterop": false
    },
    "@angular/core": {
      "src": "../../../../../../node_modules/@angular/core/fesm2022/core.mjs",
      "file": "@angular_core.js",
      "fileHash": "d6e6cbac",
      "needsInterop": false
    },
    "@angular/platform-browser": {
      "src": "../../../../../../node_modules/@angular/platform-browser/fesm2022/platform-browser.mjs",
      "file": "@angular_platform-browser.js",
      "fileHash": "487e6960",
      "needsInterop": false
    },
    "@angular/router": {
      "src": "../../../../../../node_modules/@angular/router/fesm2022/router.mjs",
      "file": "@angular_router.js",
      "fileHash": "b9aacd76",
      "needsInterop": false
    },
    "@angular/forms": {
      "src": "../../../../../../node_modules/@angular/forms/fesm2022/forms.mjs",
      "file": "@angular_forms.js",
      "fileHash": "bc51cafa",
      "needsInterop": false
    }
  },
  "chunks": {
    "chunk-WA6YT3HP": {
      "file": "chunk-WA6YT3HP.js"
    },
    "chunk-HXXWGEIH": {
      "file": "chunk-HXXWGEIH.js"
    },
    "chunk-HQJ5MGYB": {
      "file": "chunk-HQJ5MGYB.js"
    },
    "chunk-GOLMBPBH": {
      "file": "chunk-GOLMBPBH.js"
    },
    "chunk-BMMIBYAN": {
      "file": "chunk-BMMIBYAN.js"
    }
  }
}