[
  {"name": "Németh Mihály", "subject": "Word", "score": 56},
  {"name": "Lukács Mónika", "subject": "Powerpoint", "score": 84},
  {"name": "Szűcs Sándor", "subject": "Excel", "score": 44},
  {"name": "Varga Imre", "subject": "Alapismeretek", "score": 44},
  {"name": "Farkas József", "subject": "Access", "score": 92},
  {"name": "Deák Eszter", "subject": "Powerpoint", "score": 84},
  {"name": "Sipos Krisztián", "subject": "Access", "score": 52},
  {"name": "Lakatos János", "subject": "Powerpoint", "score": 64},
  {"name": "Szabó István", "subject": "Alapismeretek", "score": 84},
  {"name": "Boros Gyula", "subject": "Alapismeretek", "score": 92},
  {"name": "Fazekas Norbert", "subject": "Alapismeretek", "score": 48},
  {"name": "Boros Krisztián", "subject": "Word", "score": 76},
  {"name": "Kiss Károly", "subject": "Powerpoint", "score": 44},
  {"name": "Fülöp Zsuzsanna", "subject": "Access", "score": 88},
  {"name": "Szilágyi Viktória", "subject": "Excel", "score": 52},
  {"name": "Sipos Tímea", "subject": "Powerpoint", "score": 64},
  {"name": "Papp Szabolcs", "subject": "Powerpoint", "score": 40},
  {"name": "Gulyás János", "subject": "Alapismeretek", "score": 80},
  {"name": "Fodor Sándor", "subject": "On-line", "score": 84},
  {"name": "Antal Gábor", "subject": "Alapismeretek", "score": 100},
  {"name": "Szűcs János", "subject": "On-line", "score": 56},
  {"name": "Farkas Csaba", "subject": "On-line", "score": 76},
  {"name": "Horváth Mihály", "subject": "Alapismeretek", "score": 40},
  {"name": "Balogh Csaba", "subject": "On-line", "score": 68},
  {"name": "Gál Szabolcs", "subject": "Alapismeretek", "score": 72},
  {"name": "Kis Csaba", "subject": "Excel", "score": 60},
  {"name": "Hegedűs Gabriella", "subject": "Excel", "score": 40},
  {"name": "Somogyi István", "subject": "On-line", "score": 60},
  {"name": "Szalai Katalin", "subject": "Excel", "score": 40},
  {"name": "Balogh Miklós", "subject": "Alapismeretek", "score": 100},
  {"name": "Török István", "subject": "Alapismeretek", "score": 84},
  {"name": "Deák Krisztina", "subject": "Excel", "score": 76},
  {"name": "Kovács György", "subject": "Powerpoint", "score": 88},
  {"name": "Pintér Lajos", "subject": "Excel", "score": 88},
  {"name": "Varga Péter", "subject": "Word", "score": 88},
  {"name": "Mészáros Norbert", "subject": "Word", "score": 76},
  {"name": "Kovács Csaba", "subject": "Alapismeretek", "score": 64},
  {"name": "Szabó Zoltán", "subject": "Access", "score": 56},
  {"name": "Tóth Gyula", "subject": "Word", "score": 88},
  {"name": "Németh Erzsébet", "subject": "Access", "score": 92},
  {"name": "Sipos György", "subject": "Alapismeretek", "score": 96},
  {"name": "Gulyás Imre", "subject": "Webszerkesztés", "score": 52},
  {"name": "Lukács Lajos", "subject": "Excel", "score": 100},
  {"name": "Magyar Szabolcs", "subject": "Excel", "score": 100},
  {"name": "Fülöp Tibor", "subject": "Access", "score": 44},
  {"name": "Juhász Tibor", "subject": "Powerpoint", "score": 76},
  {"name": "Balázs Károly", "subject": "Webszerkesztés", "score": 52},
  {"name": "Varga Andrea", "subject": "Word", "score": 100},
  {"name": "Király Éva", "subject": "Word", "score": 48},
  {"name": "Szűcs Edit", "subject": "Powerpoint", "score": 92},
  {"name": "Szilágyi Róbert", "subject": "Excel", "score": 100},
  {"name": "Simon Erzsébet", "subject": "Access", "score": 60},
  {"name": "Katona András", "subject": "Alapismeretek", "score": 56},
  {"name": "Szűcs Péter", "subject": "Powerpoint", "score": 52},
  {"name": "Fehér József", "subject": "Access", "score": 72},
  {"name": "Sipos Tímea", "subject": "Webszerkesztés", "score": 80},
  {"name": "Simon Zsuzsanna", "subject": "Word", "score": 96},
  {"name": "Nagy Tibor", "subject": "Powerpoint", "score": 100},
  {"name": "Kiss János", "subject": "Powerpoint", "score": 92},
  {"name": "Hegedűs András", "subject": "Alapismeretek", "score": 72},
  {"name": "Tóth József", "subject": "Webszerkesztés", "score": 60},
  {"name": "Németh Viktória", "subject": "Excel", "score": 76},
  {"name": "Simon Mónika", "subject": "Excel", "score": 88},
  {"name": "Fekete Sándor", "subject": "Powerpoint", "score": 92},
  {"name": "Nagy Erika", "subject": "Word", "score": 88},
  {"name": "Mészáros Imre", "subject": "Word", "score": 48},
  {"name": "Pintér János", "subject": "Word", "score": 96},
  {"name": "Fekete Zsolt", "subject": "Webszerkesztés", "score": 96},
  {"name": "Deák Imre", "subject": "Excel", "score": 48},
  {"name": "Szabó Róbert", "subject": "Excel", "score": 48},
  {"name": "Szilágyi Tamás", "subject": "Access", "score": 80},
  {"name": "Fekete Erzsébet", "subject": "Webszerkesztés", "score": 56},
  {"name": "Fazekas Krisztián", "subject": "Access", "score": 48},
  {"name": "Nagy Ferenc", "subject": "Access", "score": 76},
  {"name": "Somogyi Gyula", "subject": "Access", "score": 60},
  {"name": "Török Gabriella", "subject": "Access", "score": 84},
  {"name": "Szalai Eszter", "subject": "Webszerkesztés", "score": 88},
  {"name": "Katona Mihály", "subject": "Webszerkesztés", "score": 84},
  {"name": "Király Viktória", "subject": "Access", "score": 52},
  {"name": "Fazekas Tibor", "subject": "On-line", "score": 56},
  {"name": "Szilágyi Mónika", "subject": "Webszerkesztés", "score": 100},
  {"name": "Antal Szilvia", "subject": "Alapismeretek", "score": 64},
  {"name": "Lakatos László", "subject": "Excel", "score": 52},
  {"name": "Fülöp Szilvia", "subject": "Webszerkesztés", "score": 60},
  {"name": "László Zsuzsanna", "subject": "Alapismeretek", "score": 48},
  {"name": "Fülöp László", "subject": "Powerpoint", "score": 68},
  {"name": "Mészáros Ildikó", "subject": "Excel", "score": 80},
  {"name": "Bíró Péter", "subject": "Access", "score": 100},
  {"name": "Kovács Ildikó", "subject": "Powerpoint", "score": 44},
  {"name": "Török Ferenc", "subject": "Alapismeretek", "score": 100}
]
