[
    {
        "_id": 646,
        "url": "http://www.tvmaze.com/episodes/40646/friends-1x01-the-one-where-it-all-began",
        "name": "The One Where It All Began",
        "seasonId": 1,
        "number": 1,
        "airstamp": "1994-09-22T20:00:00-04:00",
        "runtime": 30,
        "image_medium": "http://static.tvmaze.com/uploads/images/medium_landscape/23/59019.jpg",
        "image_original": "http://static.tvmaze.com/uploads/images/original_untouched/23/59019.jpg",
        "summary": "Monica's old friend Rachel moves in with her after leaving her fiancé."
    },
    {
        "_id": 647,
        "url": "http://www.tvmaze.com/episodes/40647/friends-1x02-the-one-with-the-sonogram-at-the-end",
        "name": "The One With the Sonogram at the End",
        "seasonId": 1,
        "number": 2,
        "airstamp": "1994-09-29T20:00:00-04:00",
        "runtime": 30,
        "image_medium": "http://static.tvmaze.com/uploads/images/medium_landscape/23/59020.jpg",
        "image_original": "http://static.tvmaze.com/uploads/images/original_untouched/23/59020.jpg",
        "summary": "Rachel returns her engagement ring; Ross's ex-wife has a revelation for him."
    },
    {
        "_id": 648,
        "url": "http://www.tvmaze.com/episodes/40648/friends-1x03-the-one-with-the-thumb",
        "name": "The One With the Thumb",
        "seasonId": 1,
        "number": 3,
        "airstamp": "1994-10-06T20:00:00-04:00",
        "runtime": 30,
        "image_medium": "http://static.tvmaze.com/uploads/images/medium_landscape/23/59021.jpg",
        "image_original": "http://static.tvmaze.com/uploads/images/original_untouched/23/59021.jpg",
        "summary": "Monica's friends find her new beau appealing; Phoebe finds a little something extra in her soda."
    },
    {
        "_id": 649,
        "url": "http://www.tvmaze.com/episodes/40649/friends-1x04-the-one-with-george-stephanopoulos",
        "name": "The One With George Stephanopoulos",
        "seasonId": 1,
        "number": 4,
        "airstamp": "1994-10-13T20:00:00-04:00",
        "runtime": 30,
        "image_medium": "http://static.tvmaze.com/uploads/images/medium_landscape/23/59022.jpg",
        "image_original": "http://static.tvmaze.com/uploads/images/original_untouched/23/59022.jpg",
        "summary": "Chandler and Joey take Ross to a hockey game -- with painful results; the ladies get someone else's pizza."
    },
    {
        "_id": 650,
        "url": "http://www.tvmaze.com/episodes/40650/friends-1x05-the-one-with-the-east-german-laundry-detergent",
        "name": "The One With the East German Laundry Detergent",
        "seasonId": 1,
        "number": 5,
        "airstamp": "1994-10-20T20:00:00-04:00",
        "runtime": 30,
        "image_medium": "http://static.tvmaze.com/uploads/images/medium_landscape/23/59023.jpg",
        "image_original": "http://static.tvmaze.com/uploads/images/original_untouched/23/59023.jpg",
        "summary": "Ross does laundry with Rachel; Joey uses Monica to get his old girlfriend back."
    },
    {
        "_id": 651,
        "url": "http://www.tvmaze.com/episodes/40651/friends-1x06-the-one-with-the-butt",
        "name": "The One With the Butt",
        "seasonId": 1,
        "number": 6,
        "airstamp": "1994-10-27T20:00:00-04:00",
        "runtime": 30,
        "image_medium": "http://static.tvmaze.com/uploads/images/medium_landscape/23/59024.jpg",
        "image_original": "http://static.tvmaze.com/uploads/images/original_untouched/23/59024.jpg",
        "summary": "Joey's new agent gets him a cheeky role in a movie; Chandler dates a woman with lots of baggage."
    },
    {
        "_id": 652,
        "url": "http://www.tvmaze.com/episodes/40652/friends-1x07-the-one-with-the-blackout",
        "name": "The One With the Blackout",
        "seasonId": 1,
        "number": 7,
        "airstamp": "1994-11-03T20:00:00-05:00",
        "runtime": 30,
        "image_medium": "http://static.tvmaze.com/uploads/images/medium_landscape/23/59025.jpg",
        "image_original": "http://static.tvmaze.com/uploads/images/original_untouched/23/59025.jpg",
        "summary": "A blackout traps Chandler in an ATM vestibule with model Jill Goodacre; a cat comes between Ross and Rachel."
    },
    {
        "_id": 653,
        "url": "http://www.tvmaze.com/episodes/40653/friends-1x08-the-one-where-nana-dies-twice",
        "name": "The One Where Nana Dies Twice",
        "seasonId": 1,
        "number": 8,
        "airstamp": "1994-11-10T20:00:00-05:00",
        "runtime": 30,
        "image_medium": "http://static.tvmaze.com/uploads/images/medium_landscape/23/59026.jpg",
        "image_original": "http://static.tvmaze.com/uploads/images/original_untouched/23/59026.jpg",
        "summary": "Monica and Ross mourn the loss of their grandmother."
    },
    {
        "_id": 654,
        "url": "http://www.tvmaze.com/episodes/40654/friends-1x09-the-one-where-underdog-gets-away",
        "name": "The One Where Underdog Gets Away",
        "seasonId": 1,
        "number": 9,
        "airstamp": "1994-11-17T20:00:00-05:00",
        "runtime": 30,
        "image_medium": "http://static.tvmaze.com/uploads/images/medium_landscape/23/59116.jpg",
        "image_original": "http://static.tvmaze.com/uploads/images/original_untouched/23/59116.jpg",
        "summary": "Monica tries to cook Thanksgiving dinner for the gang; Ross relishes the chance to talk to his unborn child."
    },
    {
        "_id": 655,
        "url": "http://www.tvmaze.com/episodes/40655/friends-1x10-the-one-with-the-monkey",
        "name": "The One With the Monkey",
        "seasonId": 1,
        "number": 10,
        "airstamp": "1994-12-15T20:00:00-05:00",
        "runtime": 30,
        "image_medium": "http://static.tvmaze.com/uploads/images/medium_landscape/23/59027.jpg",
        "image_original": "http://static.tvmaze.com/uploads/images/original_untouched/23/59027.jpg",
        "summary": "A new pet monkeys around with Ross's ego during the holidays; Phoebe falls for a scientist ."
    },
    {
        "_id": 656,
        "url": "http://www.tvmaze.com/episodes/40656/friends-1x11-the-one-with-mrs-bing",
        "name": "The One With Mrs. Bing",
        "seasonId": 1,
        "number": 11,
        "airstamp": "1995-01-05T20:00:00-05:00",
        "runtime": 30,
        "image_medium": "http://static.tvmaze.com/uploads/images/medium_landscape/23/59029.jpg",
        "image_original": "http://static.tvmaze.com/uploads/images/original_untouched/23/59029.jpg",
        "summary": "Chandler's novelist mother visits -- and hits on Ross; Phoebe and Monica fall for the same guy."
    },
    {
        "_id": 657,
        "url": "http://www.tvmaze.com/episodes/40657/friends-1x12-the-one-with-the-dozen-lasagnas",
        "name": "The One With the Dozen Lasagnas",
        "seasonId": 1,
        "number": 12,
        "airstamp": "1995-01-12T20:00:00-05:00",
        "runtime": 30,
        "image_medium": "http://static.tvmaze.com/uploads/images/medium_landscape/23/59117.jpg",
        "image_original": "http://static.tvmaze.com/uploads/images/original_untouched/23/59117.jpg",
        "summary": "Phoebe has some bad news for Rachel about Paolo; Ross learns some of the results of his former wife's amniocentesis."
    },
    {
        "_id": 658,
        "url": "http://www.tvmaze.com/episodes/40658/friends-1x13-the-one-with-the-boobies",
        "name": "The One With the Boobies",
        "seasonId": 1,
        "number": 13,
        "airstamp": "1995-01-19T20:00:00-05:00",
        "runtime": 30,
        "image_medium": "http://static.tvmaze.com/uploads/images/medium_landscape/23/59118.jpg",
        "image_original": "http://static.tvmaze.com/uploads/images/original_untouched/23/59118.jpg",
        "summary": "Chandler sees Rachel naked; Joey learns his father is having an affair; Phoebe dates a psychiatrist."
    },
    {
        "_id": 659,
        "url": "http://www.tvmaze.com/episodes/40659/friends-1x14-the-one-with-the-candy-hearts",
        "name": "The One With the Candy Hearts",
        "seasonId": 1,
        "number": 14,
        "airstamp": "1995-02-09T20:00:00-05:00",
        "runtime": 30,
        "image_medium": "http://static.tvmaze.com/uploads/images/medium_landscape/23/59119.jpg",
        "image_original": "http://static.tvmaze.com/uploads/images/original_untouched/23/59119.jpg",
        "summary": "Chandler has a blind date with an ex-girlfriend -- whom he's broken up \nwith twice before; the ladies light a \"boyfriend bonfire\"; Ross finds an\n unlikely Valentine's Day date."
    },
    {
        "_id": 660,
        "url": "http://www.tvmaze.com/episodes/40660/friends-1x15-the-one-with-the-stoned-guy",
        "name": "The One With the Stoned Guy",
        "seasonId": 1,
        "number": 15,
        "airstamp": "1995-02-16T20:00:00-05:00",
        "runtime": 30,
        "image_medium": "http://static.tvmaze.com/uploads/images/medium_landscape/23/59032.jpg",
        "image_original": "http://static.tvmaze.com/uploads/images/original_untouched/23/59032.jpg",
        "summary": "Chandler and Monica plan big career moves, while Ross labors to hit it off with a date."
    },
    {
        "_id": 661,
        "url": "http://www.tvmaze.com/episodes/40661/friends-1x16-the-one-with-two-parts-1",
        "name": "The One With Two Parts (1)",
        "seasonId": 1,
        "number": 16,
        "airstamp": "1995-02-23T20:00:00-05:00",
        "runtime": 30,
        "image_medium": "http://static.tvmaze.com/uploads/images/medium_landscape/23/59033.jpg",
        "image_original": "http://static.tvmaze.com/uploads/images/original_untouched/23/59033.jpg",
        "summary": "Ross attends Lamaze classes; Joey dates Phoebe's twin; and Chandler has the hots for a co-worker he's supposed to fire."
    },
    {
        "_id": 662,
        "url": "http://www.tvmaze.com/episodes/40662/friends-1x17-the-one-with-two-parts-2",
        "name": "The One With Two Parts (2)",
        "seasonId": 1,
        "number": 17,
        "airstamp": "1995-02-23T20:00:00-05:00",
        "runtime": 30,
        "image_medium": "http://static.tvmaze.com/uploads/images/medium_landscape/23/59036.jpg",
        "image_original": "http://static.tvmaze.com/uploads/images/original_untouched/23/59036.jpg",
        "summary": "Monica and Rachel meet two cute doctors; Ross looks to Jack for fatherly advice; Phoebe confronts her twin about Joey."
    },
    {
        "_id": 663,
        "url": "http://www.tvmaze.com/episodes/40663/friends-1x18-the-one-with-all-the-poker",
        "name": "The One With All the Poker",
        "seasonId": 1,
        "number": 18,
        "airstamp": "1995-03-02T20:00:00-05:00",
        "runtime": 30,
        "image_medium": "http://static.tvmaze.com/uploads/images/medium_landscape/23/59120.jpg",
        "image_original": "http://static.tvmaze.com/uploads/images/original_untouched/23/59120.jpg",
        "summary": "The guys let the ladies in on a sacred ritual -- their poker game. Meanwhile, Rachel has an interview with Saks."
    },
    {
        "_id": 664,
        "url": "http://www.tvmaze.com/episodes/40664/friends-1x19-the-one-where-the-monkey-gets-away",
        "name": "The One Where the Monkey Gets Away",
        "seasonId": 1,
        "number": 19,
        "airstamp": "1995-03-09T20:00:00-05:00",
        "runtime": 30,
        "image_medium": "http://static.tvmaze.com/uploads/images/medium_landscape/23/59122.jpg",
        "image_original": "http://static.tvmaze.com/uploads/images/original_untouched/23/59122.jpg",
        "summary": "Ross entrusts Rachel with his pet monkey for a day; Barry has a surprise for Rachel."
    },
    {
        "_id": 665,
        "url": "http://www.tvmaze.com/episodes/40665/friends-1x20-the-one-with-the-evil-orthodontist",
        "name": "The One With the Evil Orthodontist",
        "seasonId": 1,
        "number": 20,
        "airstamp": "1995-04-06T20:00:00-04:00",
        "runtime": 30,
        "image_medium": "http://static.tvmaze.com/uploads/images/medium_landscape/23/59123.jpg",
        "image_original": "http://static.tvmaze.com/uploads/images/original_untouched/23/59123.jpg",
        "summary": "Chandler's not a very smooth operator when it comes to calling a woman \nhe went out with; Rachel gets involved with her ex-fiancé."
    },
    {
        "_id": 666,
        "url": "http://www.tvmaze.com/episodes/40666/friends-1x21-the-one-with-the-fake-monica",
        "name": "The One With the Fake Monica",
        "seasonId": 1,
        "number": 21,
        "airstamp": "1995-04-27T20:00:00-04:00",
        "runtime": 30,
        "image_medium": "http://static.tvmaze.com/uploads/images/medium_landscape/23/59268.jpg",
        "image_original": "http://static.tvmaze.com/uploads/images/original_untouched/23/59268.jpg",
        "summary": "Monica meets the woman who used her credit-card number; Ross realizes it's time to find a new home for Marcel."
    },
    {
        "_id": 667,
        "url": "http://www.tvmaze.com/episodes/40667/friends-1x22-the-one-with-the-ick-factor",
        "name": "The One With the Ick Factor",
        "seasonId": 1,
        "number": 22,
        "airstamp": "1995-05-04T20:00:00-04:00",
        "runtime": 30,
        "image_medium": "http://static.tvmaze.com/uploads/images/medium_landscape/23/59124.jpg",
        "image_original": "http://static.tvmaze.com/uploads/images/original_untouched/23/59124.jpg",
        "summary": "Phoebe gets temporary work as Chandler's secretary; Monica's new boyfriend is younger than she thinks."
    },
    {
        "_id": 668,
        "url": "http://www.tvmaze.com/episodes/40668/friends-1x23-the-one-with-the-birth",
        "name": "The One With the Birth",
        "seasonId": 1,
        "number": 23,
        "airstamp": "1995-05-11T20:00:00-04:00",
        "runtime": 30,
        "image_medium": "http://static.tvmaze.com/uploads/images/medium_landscape/23/59125.jpg",
        "image_original": "http://static.tvmaze.com/uploads/images/original_untouched/23/59125.jpg",
        "summary": "Ross quarrels with Susan in the delivery room as Carol prepares to give birth; Joey befriends a mother-to-be."
    },
    {
        "_id": 669,
        "url": "http://www.tvmaze.com/episodes/40669/friends-1x24-the-one-where-rachel-finds-out",
        "name": "The One Where Rachel Finds Out",
        "seasonId": 1,
        "number": 24,
        "airstamp": "1995-05-18T20:00:00-04:00",
        "runtime": 30,
        "image_medium": "http://static.tvmaze.com/uploads/images/medium_landscape/23/59126.jpg",
        "image_original": "http://static.tvmaze.com/uploads/images/original_untouched/23/59126.jpg",
        "summary": "Rachel finally realizes how much Ross likes her -- but not before he leaves for China on museum business."
    },
    {
        "_id": 670,
        "url": "http://www.tvmaze.com/episodes/40670/friends-2x01-the-one-with-rosss-new-girlfriend",
        "name": "The One With Ross's New Girlfriend",
        "seasonId": 2,
        "number": 1,
        "airstamp": "1995-09-21T20:00:00-04:00",
        "runtime": 30,
        "image_medium": "http://static.tvmaze.com/uploads/images/medium_landscape/23/59127.jpg",
        "image_original": "http://static.tvmaze.com/uploads/images/original_untouched/23/59127.jpg",
        "summary": "Rachel meets Ross's female travel companion; Joey unwittingly recommends\n a seamy tailor to Chandler; and Phoebe cuts Monica's hair."
    },
    {
        "_id": 671,
        "url": "http://www.tvmaze.com/episodes/40671/friends-2x02-the-one-with-the-breast-milk",
        "name": "The One With the Breast Milk",
        "seasonId": 2,
        "number": 2,
        "airstamp": "1995-09-28T20:00:00-04:00",
        "runtime": 30,
        "image_medium": "http://static.tvmaze.com/uploads/images/medium_landscape/23/59128.jpg",
        "image_original": "http://static.tvmaze.com/uploads/images/original_untouched/23/59128.jpg",
        "summary": "Monica goes shopping with Julie behind Rachel's back; Ross isn't exactly gaga over breast milk."
    },
    {
        "_id": 672,
        "url": "http://www.tvmaze.com/episodes/40672/friends-2x03-the-one-where-heckles-dies",
        "name": "The One Where Heckles Dies",
        "seasonId": 2,
        "number": 3,
        "airstamp": "1995-10-05T20:00:00-04:00",
        "runtime": 30,
        "image_medium": "http://static.tvmaze.com/uploads/images/medium_landscape/23/59129.jpg",
        "image_original": "http://static.tvmaze.com/uploads/images/original_untouched/23/59129.jpg",
        "summary": "The gang disturbs Mr. Heckles for the last time; Phoebe takes issue with Ross on the subject of evolution."
    },
    {
        "_id": 673,
        "url": "http://www.tvmaze.com/episodes/40673/friends-2x04-the-one-with-phoebes-husband",
        "name": "The One With Phoebe's Husband",
        "seasonId": 2,
        "number": 4,
        "airstamp": "1995-10-12T20:00:00-04:00",
        "runtime": 30,
        "image_medium": "http://static.tvmaze.com/uploads/images/medium_landscape/23/59130.jpg",
        "image_original": "http://static.tvmaze.com/uploads/images/original_untouched/23/59130.jpg",
        "summary": "Phoebe's secret husband shows up; Rachel tries to distract Ross from having sex with Julie."
    },
    {
        "_id": 674,
        "url": "http://www.tvmaze.com/episodes/40674/friends-2x05-the-one-with-five-steaks-and-an-eggplant",
        "name": "The One With Five Steaks and an Eggplant",
        "seasonId": 2,
        "number": 5,
        "airstamp": "1995-10-19T20:00:00-04:00",
        "runtime": 30,
        "image_medium": "http://static.tvmaze.com/uploads/images/medium_landscape/23/59131.jpg",
        "image_original": "http://static.tvmaze.com/uploads/images/original_untouched/23/59131.jpg",
        "summary": "Chandler receives a sexy phone call meant for someone else; the gang becomes divided along income lines."
    },
    {
        "_id": 675,
        "url": "http://www.tvmaze.com/episodes/40675/friends-2x06-the-one-with-the-baby-on-the-bus",
        "name": "The One With the Baby on the Bus",
        "seasonId": 2,
        "number": 6,
        "airstamp": "1995-11-02T20:00:00-05:00",
        "runtime": 30,
        "image_medium": "http://static.tvmaze.com/uploads/images/medium_landscape/23/59132.jpg",
        "image_original": "http://static.tvmaze.com/uploads/images/original_untouched/23/59132.jpg",
        "summary": "An allergic reaction sends Ross to the hospital, leaving Chandler and \nJoey to look after Ben; Central Perk hires another singer to replace Phoebe."
    },
    {
        "_id": 676,
        "url": "http://www.tvmaze.com/episodes/40676/friends-2x07-the-one-where-ross-finds-out",
        "name": "The One Where Ross Finds Out",
        "seasonId": 2,
        "number": 7,
        "airstamp": "1995-11-09T20:00:00-05:00",
        "runtime": 30,
        "image_medium": "http://static.tvmaze.com/uploads/images/medium_landscape/23/59133.jpg",
        "image_original": "http://static.tvmaze.com/uploads/images/original_untouched/23/59133.jpg",
        "summary": "Rachel goes on a date in an effort to forget about Ross; Monica presses Chandler to complete an exercise program."
    },
    {
        "_id": 677,
        "url": "http://www.tvmaze.com/episodes/40677/friends-2x08-the-one-with-the-list",
        "name": "The One With the List",
        "seasonId": 2,
        "number": 8,
        "airstamp": "1995-11-16T20:00:00-05:00",
        "runtime": 30,
        "image_medium": "http://static.tvmaze.com/uploads/images/medium_landscape/23/59134.jpg",
        "image_original": "http://static.tvmaze.com/uploads/images/original_untouched/23/59134.jpg",
        "summary": "Ross is torn between Rachel and Julie, so Chandler prompts him to list \neach woman's pros and cons; Monica concocts recipes for a new product."
    },
    {
        "_id": 678,
        "url": "http://www.tvmaze.com/episodes/40678/friends-2x09-the-one-with-phoebes-dad",
        "name": "The One With Phoebe's Dad",
        "seasonId": 2,
        "number": 9,
        "airstamp": "1995-12-14T20:00:00-05:00",
        "runtime": 30,
        "image_medium": "http://static.tvmaze.com/uploads/images/medium_landscape/23/59270.jpg",
        "image_original": "http://static.tvmaze.com/uploads/images/original_untouched/23/59270.jpg",
        "summary": "Phoebe confronts her grandmother about the father she never knew; things heat up at Monica's holiday party."
    },
    {
        "_id": 679,
        "url": "http://www.tvmaze.com/episodes/40679/friends-2x10-the-one-with-russ",
        "name": "The One With Russ",
        "seasonId": 2,
        "number": 10,
        "airstamp": "1996-01-04T20:00:00-05:00",
        "runtime": 30,
        "image_medium": "http://static.tvmaze.com/uploads/images/medium_landscape/23/59135.jpg",
        "image_original": "http://static.tvmaze.com/uploads/images/original_untouched/23/59135.jpg",
        "summary": "Rachel dates a guy who's similar to Ross; Joey can get a part if he \nsleeps with the casting director; Fun Bobby is no fun without alcohol."
    },
    {
        "_id": 680,
        "url": "http://www.tvmaze.com/episodes/40680/friends-2x11-the-one-with-the-lesbian-wedding",
        "name": "The One With the Lesbian Wedding",
        "seasonId": 2,
        "number": 11,
        "airstamp": "1996-01-18T20:00:00-05:00",
        "runtime": 30,
        "image_medium": "http://static.tvmaze.com/uploads/images/medium_landscape/23/59275.jpg",
        "image_original": "http://static.tvmaze.com/uploads/images/original_untouched/23/59275.jpg",
        "summary": "Rachel's mother considers ending her marriage; Carol \ndecides to marry her lover, Susan; Phoebe believes she's possessed."
    },
    {
        "_id": 681,
        "url": "http://www.tvmaze.com/episodes/40681/friends-2x12-the-one-after-the-superbowl-1",
        "name": "The One After the Superbowl (1)",
        "seasonId": 2,
        "number": 12,
        "airstamp": "1996-01-28T20:00:00-05:00",
        "runtime": 30,
        "image_medium": "http://static.tvmaze.com/uploads/images/medium_landscape/23/59138.jpg",
        "image_original": "http://static.tvmaze.com/uploads/images/original_untouched/23/59138.jpg",
        "summary": "Ross searches for Marcel; Joey is attracted to an obsessed fan; Phoebe sings songs for kids."
    },
    {
        "_id": 682,
        "url": "http://www.tvmaze.com/episodes/40682/friends-2x13-the-one-after-the-superbowl-2",
        "name": "The One After the Superbowl (2)",
        "seasonId": 2,
        "number": 13,
        "airstamp": "1996-01-28T20:00:00-05:00",
        "runtime": 30,
        "image_medium": "http://static.tvmaze.com/uploads/images/medium_landscape/23/59136.jpg",
        "image_original": "http://static.tvmaze.com/uploads/images/original_untouched/23/59136.jpg",
        "summary": "Ross learns Marcel is working on a movie, and the film's makeup artist \nseems to want Chandler; Monica and Rachel fight over Jean-Claude Van \nDamme, who appears as himself."
    },
    {
        "_id": 683,
        "url": "http://www.tvmaze.com/episodes/40683/friends-2x14-the-one-with-the-prom-video",
        "name": "The One With the Prom Video",
        "seasonId": 2,
        "number": 14,
        "airstamp": "1996-02-01T20:00:00-05:00",
        "runtime": 30,
        "image_medium": "http://static.tvmaze.com/uploads/images/medium_landscape/23/59276.jpg",
        "image_original": "http://static.tvmaze.com/uploads/images/original_untouched/23/59276.jpg",
        "summary": "Monica brings some things home from her parents' house, including a prom\n video; Rachel tells Ross that she doesn't think it will work out \nbetween them."
    },
    {
        "_id": 684,
        "url": "http://www.tvmaze.com/episodes/40684/friends-2x15-the-one-where-ross-and-rachel-you-know",
        "name": "The One Where Ross and Rachel... You Know",
        "seasonId": 2,
        "number": 15,
        "airstamp": "1996-02-08T20:00:00-05:00",
        "runtime": 30,
        "image_medium": "http://static.tvmaze.com/uploads/images/medium_landscape/23/59277.jpg",
        "image_original": "http://static.tvmaze.com/uploads/images/original_untouched/23/59277.jpg",
        "summary": "Ross's work hinders the evolution of his and Rachel's romance; Monica \nhas eyes for an older opthalmologist; Joey and Chandler \nenjoy a big-screen TV."
    },
    {
        "_id": 685,
        "url": "http://www.tvmaze.com/episodes/40685/friends-2x16-the-one-where-joey-moves-out",
        "name": "The One Where Joey Moves Out",
        "seasonId": 2,
        "number": 16,
        "airstamp": "1996-02-15T20:00:00-05:00",
        "runtime": 30,
        "image_medium": "http://static.tvmaze.com/uploads/images/medium_landscape/45/114496.jpg",
        "image_original": "http://static.tvmaze.com/uploads/images/original_untouched/45/114496.jpg",
        "summary": "Richard's relationship with a younger woman causes a stir at a party for\n Ross and Monica's dad; Joey decides to move out; Rachel gets a tattoo."
    },
    {
        "_id": 686,
        "url": "http://www.tvmaze.com/episodes/40686/friends-2x17-the-one-where-eddie-moves-in",
        "name": "The One Where Eddie Moves In",
        "seasonId": 2,
        "number": 17,
        "airstamp": "1996-02-22T20:00:00-05:00",
        "runtime": 30,
        "image_medium": "http://static.tvmaze.com/uploads/images/medium_landscape/23/59278.jpg",
        "image_original": "http://static.tvmaze.com/uploads/images/original_untouched/23/59278.jpg",
        "summary": "Chandler gets a new roommate; Monica doesn't like having Ross around all the time; Phoebe makes a music video."
    },
    {
        "_id": 687,
        "url": "http://www.tvmaze.com/episodes/40687/friends-2x18-the-one-where-dr-ramoray-dies",
        "name": "The One Where Dr. Ramoray Dies",
        "seasonId": 2,
        "number": 18,
        "airstamp": "1996-03-21T20:00:00-05:00",
        "runtime": 30,
        "image_medium": "http://static.tvmaze.com/uploads/images/medium_landscape/23/59280.jpg",
        "image_original": "http://static.tvmaze.com/uploads/images/original_untouched/23/59280.jpg",
        "summary": "The days in the life of Joey's character, Dr. Ramoray, are numbered; Chandler's new roommate scares him."
    },
    {
        "_id": 688,
        "url": "http://www.tvmaze.com/episodes/40688/friends-2x19-the-one-where-eddie-wont-go",
        "name": "The One Where Eddie Won't Go",
        "seasonId": 2,
        "number": 19,
        "airstamp": "1996-03-28T20:00:00-05:00",
        "runtime": 30,
        "image_medium": "http://static.tvmaze.com/uploads/images/medium_landscape/45/114497.jpg",
        "image_original": "http://static.tvmaze.com/uploads/images/original_untouched/45/114497.jpg",
        "summary": "Chandler wants Eddie to move out; Joey faces unemployment; a self-help book empowers the ladies."
    },
    {
        "_id": 689,
        "url": "http://www.tvmaze.com/episodes/40689/friends-2x20-the-one-where-old-yeller-dies",
        "name": "The One Where Old Yeller Dies",
        "seasonId": 2,
        "number": 20,
        "airstamp": "1996-04-04T20:00:00-05:00",
        "runtime": 30,
        "image_medium": "http://static.tvmaze.com/uploads/images/medium_landscape/45/114499.jpg",
        "image_original": "http://static.tvmaze.com/uploads/images/original_untouched/45/114499.jpg",
        "summary": "Rachel freaks when Ross talks about spending a lifetime together; \nChandler and Joey befriend Richard; Phoebe is shocked by the ending of \n\"Old Yeller.\""
    },
    {
        "_id": 690,
        "url": "http://www.tvmaze.com/episodes/40690/friends-2x21-the-one-with-the-bullies",
        "name": "The One With the Bullies",
        "seasonId": 2,
        "number": 21,
        "airstamp": "1996-04-25T20:00:00-04:00",
        "runtime": 30,
        "image_medium": "http://static.tvmaze.com/uploads/images/medium_landscape/23/59281.jpg",
        "image_original": "http://static.tvmaze.com/uploads/images/original_untouched/23/59281.jpg",
        "summary": "Bullies accost Ross and Chandler; Monica plays the stock market; and Phoebe attempts to meet her father again."
    },
    {
        "_id": 691,
        "url": "http://www.tvmaze.com/episodes/40691/friends-2x22-the-one-with-the-two-parties",
        "name": "The One With the Two Parties",
        "seasonId": 2,
        "number": 22,
        "airstamp": "1996-05-02T20:00:00-04:00",
        "runtime": 30,
        "image_medium": "http://static.tvmaze.com/uploads/images/medium_landscape/23/59282.jpg",
        "image_original": "http://static.tvmaze.com/uploads/images/original_untouched/23/59282.jpg",
        "summary": "When Rachel's divorcing parents both show up for her birthday, her friends hold two separate parties to keep them apart."
    },
    {
        "_id": 692,
        "url": "http://www.tvmaze.com/episodes/40692/friends-2x23-the-one-with-the-chicken-pox",
        "name": "The One With the Chicken Pox",
        "seasonId": 2,
        "number": 23,
        "airstamp": "1996-05-09T20:00:00-04:00",
        "runtime": 30,
        "image_medium": "http://static.tvmaze.com/uploads/images/medium_landscape/23/59283.jpg",
        "image_original": "http://static.tvmaze.com/uploads/images/original_untouched/23/59283.jpg",
        "summary": "A submariner surfaces to spend two weeks with Phoebe, \nwho's come down with chicken pox; Joey plays the role of a data \nprocessor at Chandler's company."
    },
    {
        "_id": 693,
        "url": "http://www.tvmaze.com/episodes/40693/friends-2x24-the-one-with-barry-and-mindys-wedding",
        "name": "The One With Barry and Mindy's Wedding",
        "seasonId": 2,
        "number": 24,
        "airstamp": "1996-05-16T20:00:00-04:00",
        "runtime": 30,
        "image_medium": "http://static.tvmaze.com/uploads/images/medium_landscape/45/114545.jpg",
        "image_original": "http://static.tvmaze.com/uploads/images/original_untouched/45/114545.jpg",
        "summary": "Rachel's in her ex-fiancé's wedding; Chandler has a cyberspace romance; Monica and Richard think about their future."
    },
    {
        "_id": 694,
        "url": "http://www.tvmaze.com/episodes/40694/friends-3x01-the-one-with-the-princess-leia-fantasy",
        "name": "The One With the Princess Leia Fantasy",
        "seasonId": 3,
        "number": 1,
        "airstamp": "1996-09-16T20:00:00-04:00",
        "runtime": 30,
        "image_medium": "http://static.tvmaze.com/uploads/images/medium_landscape/45/114556.jpg",
        "image_original": "http://static.tvmaze.com/uploads/images/original_untouched/45/114556.jpg",
        "summary": "Janice tries to change Joey's opinion of her; Ross's sexual fantasy \nisn't kept between him and Rachel; Monica can't shake memories of \nRichard."
    },
    {
        "_id": 695,
        "url": "http://www.tvmaze.com/episodes/40695/friends-3x02-the-one-where-no-ones-ready",
        "name": "The One Where No One's Ready",
        "seasonId": 3,
        "number": 2,
        "airstamp": "1996-09-26T20:00:00-04:00",
        "runtime": 30,
        "image_medium": "http://static.tvmaze.com/uploads/images/medium_landscape/45/114557.jpg",
        "image_original": "http://static.tvmaze.com/uploads/images/original_untouched/45/114557.jpg",
        "summary": "Nobody seems to be getting the message when Ross demands that the group get ready for his black-tie benefit."
    },
    {
        "_id": 696,
        "url": "http://www.tvmaze.com/episodes/40696/friends-3x03-the-one-with-the-jam",
        "name": "The One With the Jam",
        "seasonId": 3,
        "number": 3,
        "airstamp": "1996-10-03T20:00:00-04:00",
        "runtime": 30,
        "image_medium": "http://static.tvmaze.com/uploads/images/medium_landscape/45/114563.jpg",
        "image_original": "http://static.tvmaze.com/uploads/images/original_untouched/45/114563.jpg",
        "summary": "Monica turns her attention from making jam to maybe making a baby; Phoebe befriends a guy who's stalking her twin sister."
    },
    {
        "_id": 697,
        "url": "http://www.tvmaze.com/episodes/40697/friends-3x04-the-one-with-the-metaphorical-tunnel",
        "name": "The One With the Metaphorical Tunnel",
        "seasonId": 3,
        "number": 4,
        "airstamp": "1996-10-10T20:00:00-04:00",
        "runtime": 30,
        "image_medium": "http://static.tvmaze.com/uploads/images/medium_landscape/45/114564.jpg",
        "image_original": "http://static.tvmaze.com/uploads/images/original_untouched/45/114564.jpg",
        "summary": "Chandler decides to make a real commitment to Janice; Phoebe poses as Joey's agent; Ross is troubled by Ben's toy."
    },
    {
        "_id": 698,
        "url": "http://www.tvmaze.com/episodes/40698/friends-3x05-the-one-with-frank-jr",
        "name": "The One With Frank Jr.",
        "seasonId": 3,
        "number": 5,
        "airstamp": "1996-10-17T20:00:00-04:00",
        "runtime": 30,
        "image_medium": "http://static.tvmaze.com/uploads/images/medium_landscape/45/114565.jpg",
        "image_original": "http://static.tvmaze.com/uploads/images/original_untouched/45/114565.jpg",
        "summary": "The gang compiles \"freebie lists\"; Phoebe tries to get to know her half \nbrother; Joey builds an entertainment center."
    },
    {
        "_id": 699,
        "url": "http://www.tvmaze.com/episodes/40699/friends-3x06-the-one-with-the-flashback",
        "name": "The One With the Flashback",
        "seasonId": 3,
        "number": 6,
        "airstamp": "1996-10-31T20:00:00-05:00",
        "runtime": 30,
        "image_medium": "http://static.tvmaze.com/uploads/images/medium_landscape/45/114566.jpg",
        "image_original": "http://static.tvmaze.com/uploads/images/original_untouched/45/114566.jpg",
        "summary": "The show flashes back to when the friends were acquaintances and pairing off was a possibility."
    },
    {
        "_id": 700,
        "url": "http://www.tvmaze.com/episodes/40700/friends-3x07-the-one-with-the-race-car-bed",
        "name": "The One With the Race Car Bed",
        "seasonId": 3,
        "number": 7,
        "airstamp": "1996-11-07T20:00:00-05:00",
        "runtime": 30,
        "image_medium": "http://static.tvmaze.com/uploads/images/medium_landscape/45/114567.jpg",
        "image_original": "http://static.tvmaze.com/uploads/images/original_untouched/45/114567.jpg",
        "summary": "Monica orders a bed from the store owned by Janice's estranged husband; \nJoey teaches soap-opera acting; Ross struggles through a dinner with \nRachel's abrasive father."
    },
    {
        "_id": 701,
        "url": "http://www.tvmaze.com/episodes/40701/friends-3x08-the-one-with-the-giant-poking-device",
        "name": "The One With the Giant Poking Device",
        "seasonId": 3,
        "number": 8,
        "airstamp": "1996-11-14T20:00:00-05:00",
        "runtime": 30,
        "image_medium": "http://static.tvmaze.com/uploads/images/medium_landscape/45/114573.jpg",
        "image_original": "http://static.tvmaze.com/uploads/images/original_untouched/45/114573.jpg",
        "summary": "Joey reveals to Chandler that he saw Janice kissing her estranged \nhusband; Rachel and Monica baby-sit Ben; Phoebe explains her fear of the\n dentist."
    },
    {
        "_id": 702,
        "url": "http://www.tvmaze.com/episodes/40702/friends-3x09-the-one-with-the-football",
        "name": "The One With the Football",
        "seasonId": 3,
        "number": 9,
        "airstamp": "1996-11-21T20:00:00-05:00",
        "runtime": 30,
        "image_medium": "http://static.tvmaze.com/uploads/images/medium_landscape/45/114585.jpg",
        "image_original": "http://static.tvmaze.com/uploads/images/original_untouched/45/114585.jpg",
        "summary": "Ross and Monica go nose-to-nose in an unfriendly Thanksgiving football game."
    },
    {
        "_id": 703,
        "url": "http://www.tvmaze.com/episodes/40703/friends-3x10-the-one-where-rachel-quits",
        "name": "The One Where Rachel Quits",
        "seasonId": 3,
        "number": 10,
        "airstamp": "1996-12-12T20:00:00-05:00",
        "runtime": 30,
        "image_medium": "http://static.tvmaze.com/uploads/images/medium_landscape/45/114587.jpg",
        "image_original": "http://static.tvmaze.com/uploads/images/original_untouched/45/114587.jpg",
        "summary": "Rachel quits Central Perk; Phoebe objects to the treatment of Christmas \ntrees; Ross sells cookies for a \"Brown Bird\" scout he injured; Monica \ngets hooked on Mint Treasures."
    },
    {
        "_id": 704,
        "url": "http://www.tvmaze.com/episodes/40704/friends-3x11-the-one-where-chandler-cant-remember-which-sister",
        "name": "The One Where Chandler Can't Remember Which Sister",
        "seasonId": 3,
        "number": 11,
        "airstamp": "1997-01-09T20:00:00-05:00",
        "runtime": 30,
        "image_medium": "http://static.tvmaze.com/uploads/images/medium_landscape/45/114588.jpg",
        "image_original": "http://static.tvmaze.com/uploads/images/original_untouched/45/114588.jpg",
        "summary": "A drunken Chandler has a liaison with one of Joey's sisters; a nice guy recommends Rachel for a job."
    },
    {
        "_id": 705,
        "url": "http://www.tvmaze.com/episodes/40705/friends-3x12-the-one-with-all-the-jealousy",
        "name": "The One With All the Jealousy",
        "seasonId": 3,
        "number": 12,
        "airstamp": "1997-01-16T20:00:00-05:00",
        "runtime": 30,
        "image_medium": "http://static.tvmaze.com/uploads/images/medium_landscape/45/114589.jpg",
        "image_original": "http://static.tvmaze.com/uploads/images/original_untouched/45/114589.jpg",
        "summary": "Ross is jealous of Mark; a romantic poet criticizes Monica in verse; Joey's a dancing fool for a Broadway musical audition."
    },
    {
        "_id": 706,
        "url": "http://www.tvmaze.com/episodes/40706/friends-3x13-the-one-where-monica-and-richard-are-just-friends",
        "name": "The One Where Monica and Richard are Just Friends",
        "seasonId": 3,
        "number": 13,
        "airstamp": "1997-01-30T20:00:00-05:00",
        "runtime": 30,
        "image_medium": "http://static.tvmaze.com/uploads/images/medium_landscape/45/114590.jpg",
        "image_original": "http://static.tvmaze.com/uploads/images/original_untouched/45/114590.jpg",
        "summary": "Monica sees Richard again and they agree to be just \npals -- and occasional lovers; Phoebe's new beau has an embarrassing \nhabit."
    },
    {
        "_id": 707,
        "url": "http://www.tvmaze.com/episodes/40707/friends-3x14-the-one-with-phoebes-ex-partner",
        "name": "The One With Phoebe's Ex-Partner",
        "seasonId": 3,
        "number": 14,
        "airstamp": "1997-02-06T20:00:00-05:00",
        "runtime": 30,
        "image_medium": "http://static.tvmaze.com/uploads/images/medium_landscape/45/114607.jpg",
        "image_original": "http://static.tvmaze.com/uploads/images/original_untouched/45/114607.jpg",
        "summary": "Phoebe's ex-singing partner wants to reunite; Chandler likes a woman associated with a shameful incident from Joey's past; \nRoss wants to spend more time with Rachel."
    },
    {
        "_id": 708,
        "url": "http://www.tvmaze.com/episodes/40708/friends-3x15-the-one-where-ross-and-rachel-take-a-break",
        "name": "The One Where Ross and Rachel Take a Break",
        "seasonId": 3,
        "number": 15,
        "airstamp": "1997-02-13T20:00:00-05:00",
        "runtime": 30,
        "image_medium": "http://static.tvmaze.com/uploads/images/medium_landscape/45/114605.jpg",
        "image_original": "http://static.tvmaze.com/uploads/images/original_untouched/45/114605.jpg",
        "summary": "Ross and Rachel decide to take a break in their relationship; Phoebe dates a diplomat who requires a translator."
    },
    {
        "_id": 709,
        "url": "http://www.tvmaze.com/episodes/40709/friends-3x16-the-one-the-morning-after",
        "name": "The One the Morning After",
        "seasonId": 3,
        "number": 16,
        "airstamp": "1997-02-20T20:00:00-05:00",
        "runtime": 30,
        "image_medium": "http://static.tvmaze.com/uploads/images/medium_landscape/45/114604.jpg",
        "image_original": "http://static.tvmaze.com/uploads/images/original_untouched/45/114604.jpg",
        "summary": "Ross's fling with Chloe jeopardizes his future with Rachel, who learns \nof the misdeed after she says she wants to work things out."
    },
    {
        "_id": 710,
        "url": "http://www.tvmaze.com/episodes/40710/friends-3x17-the-one-without-the-ski-trip",
        "name": "The One Without the Ski Trip",
        "seasonId": 3,
        "number": 17,
        "airstamp": "1997-03-06T20:00:00-05:00",
        "runtime": 30,
        "image_medium": "http://static.tvmaze.com/uploads/images/medium_landscape/45/114602.jpg",
        "image_original": "http://static.tvmaze.com/uploads/images/original_untouched/45/114602.jpg",
        "summary": "Rachel organizes a ski trip for all the friends except Ross, who must then come to their rescue when they run out of gas."
    },
    {
        "_id": 711,
        "url": "http://www.tvmaze.com/episodes/40711/friends-3x18-the-one-with-the-hypnosis-tape",
        "name": "The One With the Hypnosis Tape",
        "seasonId": 3,
        "number": 18,
        "airstamp": "1997-03-13T20:00:00-05:00",
        "runtime": 30,
        "image_medium": "http://static.tvmaze.com/uploads/images/medium_landscape/45/114601.jpg",
        "image_original": "http://static.tvmaze.com/uploads/images/original_untouched/45/114601.jpg",
        "summary": "Phoebe's upset by her brother's engagement to an older woman; Monica \ndates a computer-software mogul; Chandler tries to quit \nsmoking."
    },
    {
        "_id": 712,
        "url": "http://www.tvmaze.com/episodes/40712/friends-3x19-the-one-with-the-tiny-t-shirt",
        "name": "The One With the Tiny T-Shirt",
        "seasonId": 3,
        "number": 19,
        "airstamp": "1997-03-27T20:00:00-05:00",
        "runtime": 30,
        "image_medium": "http://static.tvmaze.com/uploads/images/medium_landscape/45/114600.jpg",
        "image_original": "http://static.tvmaze.com/uploads/images/original_untouched/45/114600.jpg",
        "summary": "Mark asks out Rachel, who returns Ross's things; Monica still isn't \nattracted to millionaire Pete; Joey's irked by his costar in a play."
    },
    {
        "_id": 713,
        "url": "http://www.tvmaze.com/episodes/40713/friends-3x20-the-one-with-the-dollhouse",
        "name": "The One With the Dollhouse",
        "seasonId": 3,
        "number": 20,
        "airstamp": "1997-04-10T20:00:00-04:00",
        "runtime": 30,
        "image_medium": "http://static.tvmaze.com/uploads/images/medium_landscape/45/114599.jpg",
        "image_original": "http://static.tvmaze.com/uploads/images/original_untouched/45/114599.jpg",
        "summary": "Chandler's insincere \"I'll call you\" to Rachel's boss causes \ncomplications; Monica inherits a dollhouse; Joey and Kate get romantic."
    },
    {
        "_id": 714,
        "url": "http://www.tvmaze.com/episodes/40714/friends-3x21-the-one-with-a-chick-and-a-duck",
        "name": "The One With a Chick and a Duck",
        "seasonId": 3,
        "number": 21,
        "airstamp": "1997-04-17T20:00:00-04:00",
        "runtime": 30,
        "image_medium": "http://static.tvmaze.com/uploads/images/medium_landscape/45/114598.jpg",
        "image_original": "http://static.tvmaze.com/uploads/images/original_untouched/45/114598.jpg",
        "summary": "Ross helps an injured Rachel prepare for a business dinner, but doesn't \ntell her he's missing a chance to appear on TV; Pete buys \nMonica a restaurant; Chandler and Joey adopt a baby chick."
    },
    {
        "_id": 715,
        "url": "http://www.tvmaze.com/episodes/40715/friends-3x22-the-one-with-the-screamer",
        "name": "The One With the Screamer",
        "seasonId": 3,
        "number": 22,
        "airstamp": "1997-04-24T20:00:00-04:00",
        "runtime": 30,
        "image_medium": "http://static.tvmaze.com/uploads/images/medium_landscape/45/114597.jpg",
        "image_original": "http://static.tvmaze.com/uploads/images/original_untouched/45/114597.jpg",
        "summary": "Chandler's insincere \"I'll call you\" to Rachel's boss causes \ncomplications; Monica inherits a dollhouse; Joey and Kate get romantic."
    },
    {
        "_id": 716,
        "url": "http://www.tvmaze.com/episodes/40716/friends-3x23-the-one-with-rosss-thing",
        "name": "The One With Ross's Thing",
        "seasonId": 3,
        "number": 23,
        "airstamp": "1997-05-01T20:00:00-04:00",
        "runtime": 30,
        "image_medium": "http://static.tvmaze.com/uploads/images/medium_landscape/45/114596.jpg",
        "image_original": "http://static.tvmaze.com/uploads/images/original_untouched/45/114596.jpg",
        "summary": "Ross has an unusual growth; Phoebe is torn between two men she's dating; Monica thinks Pete is going to propose."
    },
    {
        "_id": 717,
        "url": "http://www.tvmaze.com/episodes/40717/friends-3x24-the-one-with-the-ultimate-fighting-champion",
        "name": "The One With the Ultimate Fighting Champion",
        "seasonId": 3,
        "number": 24,
        "airstamp": "1997-05-08T20:00:00-04:00",
        "runtime": 30,
        "image_medium": "http://static.tvmaze.com/uploads/images/medium_landscape/45/114595.jpg",
        "image_original": "http://static.tvmaze.com/uploads/images/original_untouched/45/114595.jpg",
        "summary": "Pete pursues the Ultimate Fighting championship; Chandler has a slap-happy new boss; Ross dates Phoebe's friend."
    },
    {
        "_id": 718,
        "url": "http://www.tvmaze.com/episodes/40718/friends-3x25-the-one-at-the-beach",
        "name": "The One at the Beach",
        "seasonId": 3,
        "number": 25,
        "airstamp": "1997-05-15T20:00:00-04:00",
        "runtime": 30,
        "image_medium": "http://static.tvmaze.com/uploads/images/medium_landscape/45/114594.jpg",
        "image_original": "http://static.tvmaze.com/uploads/images/original_untouched/45/114594.jpg",
        "summary": "Phoebe's quest to find her father leads the gang to a beach house -- and \nleads Phoebe to a fateful meeting with an old family friend;\n Rachel persuades Bonnie to make a change."
    },
    {
        "_id": 719,
        "url": "http://www.tvmaze.com/episodes/40719/friends-4x01-the-one-with-the-jellyfish",
        "name": "The One With the Jellyfish",
        "seasonId": 4,
        "number": 1,
        "airstamp": "1997-09-25T20:00:00-04:00",
        "runtime": 30,
        "image_medium": "http://static.tvmaze.com/uploads/images/medium_landscape/45/114628.jpg",
        "image_original": "http://static.tvmaze.com/uploads/images/original_untouched/45/114628.jpg",
        "summary": "At the beach house, Ross and Rachel appear on the threshold of a new \nera; Phoebe gets to know her birth mother (Teri Garr); Monica is stung \nby a jellyfish."
    },
    {
        "_id": 720,
        "url": "http://www.tvmaze.com/episodes/40720/friends-4x02-the-one-with-the-cat",
        "name": "The One With the Cat",
        "seasonId": 4,
        "number": 2,
        "airstamp": "1997-10-02T20:00:00-04:00",
        "runtime": 30,
        "image_medium": "http://static.tvmaze.com/uploads/images/medium_landscape/45/114629.jpg",
        "image_original": "http://static.tvmaze.com/uploads/images/original_untouched/45/114629.jpg",
        "summary": "Phoebe thinks her mother's spirit resides in a cat; Monica dates a \nformer high-school hunk; Joey tries to sell the entertainment center."
    },
    {
        "_id": 721,
        "url": "http://www.tvmaze.com/episodes/40721/friends-4x03-the-one-with-the-cuffs",
        "name": "The One With the 'Cuffs",
        "seasonId": 4,
        "number": 3,
        "airstamp": "1997-10-09T20:00:00-04:00",
        "runtime": 30,
        "image_medium": "http://static.tvmaze.com/uploads/images/medium_landscape/45/114630.jpg",
        "image_original": "http://static.tvmaze.com/uploads/images/original_untouched/45/114630.jpg",
        "summary": "Chandler's torrid fling with Rachel's boss (Alison LaPlaca) puts him in a compromising position; Monica caters her mom's party."
    },
    {
        "_id": 722,
        "url": "http://www.tvmaze.com/episodes/40722/friends-4x04-the-one-with-the-ballroom-dancing",
        "name": "The One With the Ballroom Dancing",
        "seasonId": 4,
        "number": 4,
        "airstamp": "1997-10-16T20:00:00-04:00",
        "runtime": 30,
        "image_medium": "http://static.tvmaze.com/uploads/images/medium_landscape/45/114631.jpg",
        "image_original": "http://static.tvmaze.com/uploads/images/original_untouched/45/114631.jpg",
        "summary": "Joey' s roped into being the superintendent's practice dance partner; Phoebe gets fired."
    },
    {
        "_id": 723,
        "url": "http://www.tvmaze.com/episodes/40723/friends-4x05-the-one-with-joeys-new-girlfriend",
        "name": "The One With Joey's New Girlfriend",
        "seasonId": 4,
        "number": 5,
        "airstamp": "1997-10-30T20:00:00-05:00",
        "runtime": 30,
        "image_medium": "http://static.tvmaze.com/uploads/images/medium_landscape/45/114632.jpg",
        "image_original": "http://static.tvmaze.com/uploads/images/original_untouched/45/114632.jpg",
        "summary": "Chandler falls for Joey's new girlfriend (Paget Brewster); Phoebe likes the effect of a cold on her singing voice."
    },
    {
        "_id": 724,
        "url": "http://www.tvmaze.com/episodes/40724/friends-4x06-the-one-with-the-dirty-girl",
        "name": "The One With the Dirty Girl",
        "seasonId": 4,
        "number": 6,
        "airstamp": "1997-11-06T20:00:00-05:00",
        "runtime": 30,
        "image_medium": "http://static.tvmaze.com/uploads/images/medium_landscape/45/114633.jpg",
        "image_original": "http://static.tvmaze.com/uploads/images/original_untouched/45/114633.jpg",
        "summary": "Phoebe helps Monica cater a funeral; Chandler buys Kathy a special birthday gift; Ross's beautiful date has a very messy place."
    },
    {
        "_id": 725,
        "url": "http://www.tvmaze.com/episodes/40725/friends-4x07-the-one-where-chandler-crosses-the-line",
        "name": "The One Where Chandler Crosses the Line",
        "seasonId": 4,
        "number": 7,
        "airstamp": "1997-11-13T20:00:00-05:00",
        "runtime": 30,
        "image_medium": "http://static.tvmaze.com/uploads/images/medium_landscape/45/114634.jpg",
        "image_original": "http://static.tvmaze.com/uploads/images/original_untouched/45/114634.jpg",
        "summary": "Chandler keeps Kathy (Paget Brewster) company while Joey's out with another girl---and one thing leads to another."
    },
    {
        "_id": 726,
        "url": "http://www.tvmaze.com/episodes/40726/friends-4x08-the-one-with-chandler-in-a-box",
        "name": "The One With Chandler in a Box",
        "seasonId": 4,
        "number": 8,
        "airstamp": "1997-11-20T20:00:00-05:00",
        "runtime": 30,
        "image_medium": "http://static.tvmaze.com/uploads/images/medium_landscape/45/114635.jpg",
        "image_original": "http://static.tvmaze.com/uploads/images/original_untouched/45/114635.jpg",
        "summary": "On Thanksgiving, Chandler begs for Joey's forgiveness about Kathy (Paget Brewster); Monica has eyes for Richard's son."
    },
    {
        "_id": 727,
        "url": "http://www.tvmaze.com/episodes/40727/friends-4x09-the-one-where-theyre-going-to-party",
        "name": "The One Where They're Going to Party!",
        "seasonId": 4,
        "number": 9,
        "airstamp": "1997-12-11T20:00:00-05:00",
        "runtime": 30,
        "image_medium": "http://static.tvmaze.com/uploads/images/medium_landscape/45/114636.jpg",
        "image_original": "http://static.tvmaze.com/uploads/images/original_untouched/45/114636.jpg",
        "summary": "Rachel is promised a promotion; a restaurateur confronts Monica after \nshe writes a scathing review; Chandler and Ross prepare to party with a \nworld-class carouser."
    },
    {
        "_id": 728,
        "url": "http://www.tvmaze.com/episodes/40728/friends-4x10-the-one-with-the-girl-from-poughkeepsie",
        "name": "The One With the Girl from Poughkeepsie",
        "seasonId": 4,
        "number": 10,
        "airstamp": "1997-12-18T20:00:00-05:00",
        "runtime": 30,
        "image_medium": "http://static.tvmaze.com/uploads/images/medium_landscape/45/114637.jpg",
        "image_original": "http://static.tvmaze.com/uploads/images/original_untouched/45/114637.jpg",
        "summary": "Monica hires Joey so she can fire him to show who's the boss at the \nrestaurant; Ross goes extra miles to date a gal from Poughkeepsie; \nChandler plays matchmaker for Rachel."
    },
    {
        "_id": 729,
        "url": "http://www.tvmaze.com/episodes/40729/friends-4x11-the-one-with-phoebes-uterus",
        "name": "The One With Phoebe's Uterus",
        "seasonId": 4,
        "number": 11,
        "airstamp": "1998-01-08T20:00:00-05:00",
        "runtime": 30,
        "image_medium": "http://static.tvmaze.com/uploads/images/medium_landscape/45/114638.jpg",
        "image_original": "http://static.tvmaze.com/uploads/images/original_untouched/45/114638.jpg",
        "summary": "In lieu of a gift, newlyweds Frank Jr. and Alice (Giovanni Ribisi, Debra\n Jo Rupp) ask Phoebe to be a surrogate mother for their child; Ross \nbreaks an unwritten rule at the museum."
    },
    {
        "_id": 730,
        "url": "http://www.tvmaze.com/episodes/40730/friends-4x12-the-one-with-the-embryos",
        "name": "The One With the Embryos",
        "seasonId": 4,
        "number": 12,
        "airstamp": "1998-01-15T20:00:00-05:00",
        "runtime": 30,
        "image_medium": "http://static.tvmaze.com/uploads/images/medium_landscape/45/114639.jpg",
        "image_original": "http://static.tvmaze.com/uploads/images/original_untouched/45/114639.jpg",
        "summary": "Phoebe undergoes in-vitro fertilization; Monica and Rachel go up against\n Joey and Chandler to determine which pair know the other better."
    },
    {
        "_id": 731,
        "url": "http://www.tvmaze.com/episodes/40731/friends-4x13-the-one-with-rachels-crush",
        "name": "The One With Rachel's Crush",
        "seasonId": 4,
        "number": 13,
        "airstamp": "1998-01-29T20:00:00-05:00",
        "runtime": 30,
        "image_medium": "http://static.tvmaze.com/uploads/images/medium_landscape/45/114640.jpg",
        "image_original": "http://static.tvmaze.com/uploads/images/original_untouched/45/114640.jpg",
        "summary": "Kathy's sexy role in a play irks Chandler; personal-shopper Rachel develops a crush on a client."
    },
    {
        "_id": 732,
        "url": "http://www.tvmaze.com/episodes/40732/friends-4x14-the-one-with-joeys-dirty-day",
        "name": "The One With Joey's Dirty Day",
        "seasonId": 4,
        "number": 14,
        "airstamp": "1998-02-05T20:00:00-05:00",
        "runtime": 30,
        "image_medium": "http://static.tvmaze.com/uploads/images/medium_landscape/45/114641.jpg",
        "image_original": "http://static.tvmaze.com/uploads/images/original_untouched/45/114641.jpg",
        "summary": "Joey doesn't smell too good when he's about to appear in a Charlton \nHeston movie; Rachel asks Ross to entertain her boss's niece so she can \nbe with Joshua; the girls join heartbroken Chandler at a strip joint."
    },
    {
        "_id": 733,
        "url": "http://www.tvmaze.com/episodes/40733/friends-4x15-the-one-with-all-the-rugby",
        "name": "The One With All the Rugby",
        "seasonId": 4,
        "number": 15,
        "airstamp": "1998-02-26T20:00:00-05:00",
        "runtime": 30,
        "image_medium": "http://static.tvmaze.com/uploads/images/medium_landscape/45/114642.jpg",
        "image_original": "http://static.tvmaze.com/uploads/images/original_untouched/45/114642.jpg",
        "summary": "Ross plays rugby to impress Emily; to escape Janice, Chandler claims \nhe's being transferred; Monica obsesses over a useless switch."
    },
    {
        "_id": 734,
        "url": "http://www.tvmaze.com/episodes/40734/friends-4x16-the-one-with-the-fake-party",
        "name": "The One With the Fake Party",
        "seasonId": 4,
        "number": 16,
        "airstamp": "1998-03-19T20:00:00-05:00",
        "runtime": 30,
        "image_medium": "http://static.tvmaze.com/uploads/images/medium_landscape/45/114643.jpg",
        "image_original": "http://static.tvmaze.com/uploads/images/original_untouched/45/114643.jpg",
        "summary": "Rachel throws an impromptu going-away party for Emily to lure Joshua \ninto a social setting; pregnant vegetarian Phoebe craves meat."
    },
    {
        "_id": 735,
        "url": "http://www.tvmaze.com/episodes/40735/friends-4x17-the-one-with-the-free-porn",
        "name": "The One With the Free Porn",
        "seasonId": 4,
        "number": 17,
        "airstamp": "1998-03-26T20:00:00-05:00",
        "runtime": 30,
        "image_medium": "http://static.tvmaze.com/uploads/images/medium_landscape/45/114644.jpg",
        "image_original": "http://static.tvmaze.com/uploads/images/original_untouched/45/114644.jpg",
        "summary": "Ross pursues his romance with Emily (Helen Baxendale); Phoebe learns she's having triplets; the boys get free adult TV."
    },
    {
        "_id": 736,
        "url": "http://www.tvmaze.com/episodes/40736/friends-4x18-the-one-with-rachels-new-dress",
        "name": "The One With Rachel's New Dress",
        "seasonId": 4,
        "number": 18,
        "airstamp": "1998-04-02T20:00:00-05:00",
        "runtime": 30,
        "image_medium": "http://static.tvmaze.com/uploads/images/medium_landscape/45/114645.jpg",
        "image_original": "http://static.tvmaze.com/uploads/images/original_untouched/45/114645.jpg",
        "summary": "Rachel gears up for a night of romance with Joshua; Ross fears Emily is \ngetting too chummy with Susan; Phoebe names one of the triplets."
    },
    {
        "_id": 737,
        "url": "http://www.tvmaze.com/episodes/40737/friends-4x19-the-one-with-all-the-haste",
        "name": "The One With All the Haste",
        "seasonId": 4,
        "number": 19,
        "airstamp": "1998-04-09T20:00:00-04:00",
        "runtime": 30,
        "image_medium": "http://static.tvmaze.com/uploads/images/medium_landscape/45/114646.jpg",
        "image_original": "http://static.tvmaze.com/uploads/images/original_untouched/45/114646.jpg",
        "summary": "Ross proposes to Emily (Helen Baxendale); Rachel and Monica demand their apartment back from the guys."
    },
    {
        "_id": 738,
        "url": "http://www.tvmaze.com/episodes/40738/friends-4x20-the-one-with-all-the-wedding-dresses",
        "name": "The One With All the Wedding Dresses",
        "seasonId": 4,
        "number": 20,
        "airstamp": "1998-04-16T20:00:00-04:00",
        "runtime": 30,
        "image_medium": "http://static.tvmaze.com/uploads/images/medium_landscape/45/114647.jpg",
        "image_original": "http://static.tvmaze.com/uploads/images/original_untouched/45/114647.jpg",
        "summary": "Monica tries on Emily's wedding dress; Ross's plans affect Rachel and Joshua; Chandler insists Joey get help for his snoring."
    },
    {
        "_id": 739,
        "url": "http://www.tvmaze.com/episodes/40739/friends-4x21-the-one-with-the-invitation",
        "name": "The One With the Invitation",
        "seasonId": 4,
        "number": 21,
        "airstamp": "1998-04-23T20:00:00-04:00",
        "runtime": 30,
        "image_medium": "http://static.tvmaze.com/uploads/images/medium_landscape/45/114648.jpg",
        "image_original": "http://static.tvmaze.com/uploads/images/original_untouched/45/114648.jpg",
        "summary": "In a clip show, Rachel receives her invitation to Ross and Emily's wedding."
    },
    {
        "_id": 740,
        "url": "http://www.tvmaze.com/episodes/40740/friends-4x22-the-one-with-the-worst-best-man-ever",
        "name": "The One With the Worst Best Man Ever",
        "seasonId": 4,
        "number": 22,
        "airstamp": "1998-04-30T20:00:00-04:00",
        "runtime": 30,
        "image_medium": "http://static.tvmaze.com/uploads/images/medium_landscape/45/114649.jpg",
        "image_original": "http://static.tvmaze.com/uploads/images/original_untouched/45/114649.jpg",
        "summary": "Best man Joey (Matt LeBlanc) loses Ross's heirloom ring; pregnant Phoebe has mood swings."
    },
    {
        "_id": 741,
        "url": "http://www.tvmaze.com/episodes/40741/friends-4x23-the-one-with-rosss-wedding-part-i",
        "name": "The One With Ross's Wedding: Part I",
        "seasonId": 4,
        "number": 23,
        "airstamp": "1998-05-07T20:00:00-04:00",
        "runtime": 30,
        "image_medium": "http://static.tvmaze.com/uploads/images/medium_landscape/45/114650.jpg",
        "image_original": "http://static.tvmaze.com/uploads/images/original_untouched/45/114650.jpg",
        "summary": "London's the location for Ross and Emily's wedding, but back at home, Rachel realizes that she still loves the groom-to-be."
    },
    {
        "_id": 742,
        "url": "http://www.tvmaze.com/episodes/40742/friends-4x24-the-one-with-rosss-wedding-part-ii",
        "name": "The One With Ross's Wedding: Part II",
        "seasonId": 4,
        "number": 24,
        "airstamp": "1998-05-07T20:00:00-04:00",
        "runtime": 30,
        "image_medium": "http://static.tvmaze.com/uploads/images/medium_landscape/45/114651.jpg",
        "image_original": "http://static.tvmaze.com/uploads/images/original_untouched/45/114651.jpg",
        "summary": "As Ross and Emily prepare to wed, Rachel makes a frantic attempt to \nreach London before the ceremony. Elsewhere, there is no love lost \nbetween Ross's and Emily's fathers."
    },
    {
        "_id": 743,
        "url": "http://www.tvmaze.com/episodes/40743/friends-5x01-the-one-after-ross-says-rachel",
        "name": "The One After Ross Says Rachel",
        "seasonId": 5,
        "number": 1,
        "airstamp": "1998-09-24T20:00:00-04:00",
        "runtime": 30,
        "image_medium": "http://static.tvmaze.com/uploads/images/medium_landscape/46/115054.jpg",
        "image_original": "http://static.tvmaze.com/uploads/images/original_untouched/46/115054.jpg",
        "summary": "Ross and Rachel cope with the ramifications of Ross saying \"Rachel\" \ninstead of \"Emily\" during his wedding vows; Monica and Chandler are \nstill hot for each other."
    },
    {
        "_id": 744,
        "url": "http://www.tvmaze.com/episodes/40744/friends-5x02-the-one-with-all-the-kissing",
        "name": "The One With All the Kissing",
        "seasonId": 5,
        "number": 2,
        "airstamp": "1998-10-01T20:00:00-04:00",
        "runtime": 30,
        "image_medium": "http://static.tvmaze.com/uploads/images/medium_landscape/46/115055.jpg",
        "image_original": "http://static.tvmaze.com/uploads/images/original_untouched/46/115055.jpg",
        "summary": "Rachel wants to tell Ross that she still loves him; Chandler must buss \nRachel and Phoebe to cover up a kiss with Monica; Phoebe's water breaks."
    },
    {
        "_id": 745,
        "url": "http://www.tvmaze.com/episodes/40745/friends-5x03-the-one-hundredth",
        "name": "The One Hundredth",
        "seasonId": 5,
        "number": 3,
        "airstamp": "1998-10-08T20:00:00-04:00",
        "runtime": 30,
        "image_medium": "http://static.tvmaze.com/uploads/images/medium_landscape/46/115056.jpg",
        "image_original": "http://static.tvmaze.com/uploads/images/original_untouched/46/115056.jpg",
        "summary": "Phoebe's pregnancy comes to fruition; Monica and Chandler have their first fight."
    },
    {
        "_id": 746,
        "url": "http://www.tvmaze.com/episodes/40746/friends-5x04-the-one-where-phoebe-hates-pbs",
        "name": "The One Where Phoebe Hates PBS",
        "seasonId": 5,
        "number": 4,
        "airstamp": "1998-10-15T20:00:00-04:00",
        "runtime": 30,
        "image_medium": "http://static.tvmaze.com/uploads/images/medium_landscape/46/115057.jpg",
        "image_original": "http://static.tvmaze.com/uploads/images/original_untouched/46/115057.jpg",
        "summary": "Phoebe reveals her hatred of PBS; Emily tells Ross she'll see him again---if he stops seeing Rachel."
    },
    {
        "_id": 747,
        "url": "http://www.tvmaze.com/episodes/40747/friends-5x05-the-one-with-the-kips",
        "name": "The One With the Kips",
        "seasonId": 5,
        "number": 5,
        "airstamp": "1998-10-29T20:00:00-05:00",
        "runtime": 30,
        "image_medium": "http://static.tvmaze.com/uploads/images/medium_landscape/46/115058.jpg",
        "image_original": "http://static.tvmaze.com/uploads/images/original_untouched/46/115058.jpg",
        "summary": "Monica and Chandler plan a weekend getaway; Ross has to tell Rachel that to save his marriage he can't see her anymore."
    },
    {
        "_id": 748,
        "url": "http://www.tvmaze.com/episodes/40748/friends-5x06-the-one-with-the-yeti",
        "name": "The One With the Yeti",
        "seasonId": 5,
        "number": 6,
        "airstamp": "1998-11-05T20:00:00-05:00",
        "runtime": 30,
        "image_medium": "http://static.tvmaze.com/uploads/images/medium_landscape/46/115059.jpg",
        "image_original": "http://static.tvmaze.com/uploads/images/original_untouched/46/115059.jpg",
        "summary": "Emily's demands regarding Rachel weigh on Ross; Rachel and Monica encounter a hairy, beastlike man; Phoebe receives a fur coat."
    },
    {
        "_id": 749,
        "url": "http://www.tvmaze.com/episodes/40749/friends-5x07-the-one-where-ross-moves-in",
        "name": "The One Where Ross Moves In",
        "seasonId": 5,
        "number": 7,
        "airstamp": "1998-11-12T20:00:00-05:00",
        "runtime": 30,
        "image_medium": "http://static.tvmaze.com/uploads/images/medium_landscape/46/115060.jpg",
        "image_original": "http://static.tvmaze.com/uploads/images/original_untouched/46/115060.jpg",
        "summary": "Ross moves in with the boys; Phoebe dates a health inspector; Rachel plays hard to get for Danny, who's oblivious."
    },
    {
        "_id": 750,
        "url": "http://www.tvmaze.com/episodes/40750/friends-5x08-the-one-with-all-the-thanksgivings",
        "name": "The One With All the Thanksgivings",
        "seasonId": 5,
        "number": 8,
        "airstamp": "1998-11-19T20:00:00-05:00",
        "runtime": 30,
        "image_medium": "http://static.tvmaze.com/uploads/images/medium_landscape/46/115061.jpg",
        "image_original": "http://static.tvmaze.com/uploads/images/original_untouched/46/115061.jpg",
        "summary": "The gang reflects on bad Thanksgivings---and the biggest turkey belongs to Monica, who recalls her first encounter with Chandler."
    },
    {
        "_id": 751,
        "url": "http://www.tvmaze.com/episodes/40751/friends-5x09-the-one-with-rosss-sandwich",
        "name": "The One With Ross's Sandwich",
        "seasonId": 5,
        "number": 9,
        "airstamp": "1998-12-10T20:00:00-05:00",
        "runtime": 30,
        "image_medium": "http://static.tvmaze.com/uploads/images/medium_landscape/46/115062.jpg",
        "image_original": "http://static.tvmaze.com/uploads/images/original_untouched/46/115062.jpg",
        "summary": "Ross loses it when someone eats his sandwich at work; keeping up \nappearances for Monica and Chandler makes Joey look bad; Phoebe and \nRachel take a lit class."
    },
    {
        "_id": 752,
        "url": "http://www.tvmaze.com/episodes/40752/friends-5x10-the-one-with-the-inappropriate-sister",
        "name": "The One With the Inappropriate Sister",
        "seasonId": 5,
        "number": 10,
        "airstamp": "1998-12-17T20:00:00-05:00",
        "runtime": 30,
        "image_medium": "http://static.tvmaze.com/uploads/images/medium_landscape/46/115063.jpg",
        "image_original": "http://static.tvmaze.com/uploads/images/original_untouched/46/115063.jpg",
        "summary": "Danny's close relationship with his sister (Julie Lauren) bothers \nRachel; Ross urges Joey to write a script; Phoebe collects for holiday \ncharity on a street corner."
    },
    {
        "_id": 753,
        "url": "http://www.tvmaze.com/episodes/40753/friends-5x11-the-one-with-all-the-resolutions",
        "name": "The One With All the Resolutions",
        "seasonId": 5,
        "number": 11,
        "airstamp": "1999-01-07T20:00:00-05:00",
        "runtime": 30,
        "image_medium": "http://static.tvmaze.com/uploads/images/medium_landscape/46/115064.jpg",
        "image_original": "http://static.tvmaze.com/uploads/images/original_untouched/46/115064.jpg",
        "summary": "Rachel's New Year's resolution not to gossip is tested when she discovers Monica and Chandler's romance."
    },
    {
        "_id": 754,
        "url": "http://www.tvmaze.com/episodes/40754/friends-5x12-the-one-with-chandlers-work-laugh",
        "name": "The One With Chandler's Work Laugh",
        "seasonId": 5,
        "number": 12,
        "airstamp": "1999-01-21T20:00:00-05:00",
        "runtime": 30,
        "image_medium": "http://static.tvmaze.com/uploads/images/medium_landscape/46/115065.jpg",
        "image_original": "http://static.tvmaze.com/uploads/images/original_untouched/46/115065.jpg",
        "summary": "Monica meets \"Work Chandler\"; Ross gets together with Janice."
    },
    {
        "_id": 755,
        "url": "http://www.tvmaze.com/episodes/40755/friends-5x13-the-one-with-joeys-bag",
        "name": "The One With Joey's Bag",
        "seasonId": 5,
        "number": 13,
        "airstamp": "1999-02-04T20:00:00-05:00",
        "runtime": 30,
        "image_medium": "http://static.tvmaze.com/uploads/images/medium_landscape/46/115066.jpg",
        "image_original": "http://static.tvmaze.com/uploads/images/original_untouched/46/115066.jpg",
        "summary": "Phoebe meets Frank Sr. (Bob Balaban) at her grandma's funeral; Joey gets attached to a bag that's like a purse."
    },
    {
        "_id": 756,
        "url": "http://www.tvmaze.com/episodes/40756/friends-5x14-the-one-where-everybody-finds-out",
        "name": "The One Where Everybody Finds Out",
        "seasonId": 5,
        "number": 14,
        "airstamp": "1999-02-11T20:00:00-05:00",
        "runtime": 30,
        "image_medium": "http://static.tvmaze.com/uploads/images/medium_landscape/46/115067.jpg",
        "image_original": "http://static.tvmaze.com/uploads/images/original_untouched/46/115067.jpg",
        "summary": "Phoebe finds out about Monica and Chandler's romance; Ross plans to rent Ugly Naked Guy's apartment."
    },
    {
        "_id": 757,
        "url": "http://www.tvmaze.com/episodes/40757/friends-5x15-the-one-with-the-girl-who-hits-joey",
        "name": "The One With the Girl Who Hits Joey",
        "seasonId": 5,
        "number": 15,
        "airstamp": "1999-02-18T20:00:00-05:00",
        "runtime": 30,
        "image_medium": "http://static.tvmaze.com/uploads/images/medium_landscape/46/115068.jpg",
        "image_original": "http://static.tvmaze.com/uploads/images/original_untouched/46/115068.jpg",
        "summary": "Chandler freaks out over the subject of marriage to Monica; Joey's \ngirlfriend throws playful, but painful, punches; Ross alienates his new \nneighbors."
    },
    {
        "_id": 758,
        "url": "http://www.tvmaze.com/episodes/40758/friends-5x16-the-one-with-the-cop",
        "name": "The One With the Cop",
        "seasonId": 5,
        "number": 16,
        "airstamp": "1999-02-23T20:00:00-05:00",
        "runtime": 30,
        "image_medium": "http://static.tvmaze.com/uploads/images/medium_landscape/46/115069.jpg",
        "image_original": "http://static.tvmaze.com/uploads/images/original_untouched/46/115069.jpg",
        "summary": "Phoebe finds a police badge; Joey has a romantic dream about Monica; Rachel helps Ross move his new couch."
    },
    {
        "_id": 759,
        "url": "http://www.tvmaze.com/episodes/40759/friends-5x17-the-one-with-rachels-inadvertent-kiss",
        "name": "The One With Rachel's Inadvertent Kiss",
        "seasonId": 5,
        "number": 17,
        "airstamp": "1999-03-18T20:00:00-05:00",
        "runtime": 30,
        "image_medium": "http://static.tvmaze.com/uploads/images/medium_landscape/46/115070.jpg",
        "image_original": "http://static.tvmaze.com/uploads/images/original_untouched/46/115070.jpg",
        "summary": "Rachel makes an awkward move during a job interview; Monica and Chandler compete with Phoebe and Gary to be the hotter couple."
    },
    {
        "_id": 760,
        "url": "http://www.tvmaze.com/episodes/40760/friends-5x18-the-one-where-rachel-smokes",
        "name": "The One Where Rachel Smokes",
        "seasonId": 5,
        "number": 18,
        "airstamp": "1999-04-08T20:00:00-04:00",
        "runtime": 30,
        "image_medium": "http://static.tvmaze.com/uploads/images/medium_landscape/46/115071.jpg",
        "image_original": "http://static.tvmaze.com/uploads/images/original_untouched/46/115071.jpg",
        "summary": "Rachel takes up smoking for work reasons; Joey angles into an audition involving Ross's son, Ben."
    },
    {
        "_id": 761,
        "url": "http://www.tvmaze.com/episodes/40761/friends-5x19-the-one-where-ross-cant-flirt",
        "name": "The One Where Ross Can't Flirt",
        "seasonId": 5,
        "number": 19,
        "airstamp": "1999-04-22T20:00:00-04:00",
        "runtime": 30,
        "image_medium": "http://static.tvmaze.com/uploads/images/medium_landscape/46/115072.jpg",
        "image_original": "http://static.tvmaze.com/uploads/images/original_untouched/46/115072.jpg",
        "summary": "Ross's flirting with the pizza-delivery girl falls flat; Joey's scene in a TV crime drama is cut."
    },
    {
        "_id": 762,
        "url": "http://www.tvmaze.com/episodes/40762/friends-5x20-the-one-with-the-ride-along",
        "name": "The One With the Ride Along",
        "seasonId": 5,
        "number": 20,
        "airstamp": "1999-04-29T20:00:00-04:00",
        "runtime": 30,
        "image_medium": "http://static.tvmaze.com/uploads/images/medium_landscape/46/115073.jpg",
        "image_original": "http://static.tvmaze.com/uploads/images/original_untouched/46/115073.jpg",
        "summary": "The boys ride along with Gary (Michael Rapaport); Monica and Rachel overhear bride-to-be Emily's urgent phone message to Ross."
    },
    {
        "_id": 763,
        "url": "http://www.tvmaze.com/episodes/40763/friends-5x21-the-one-with-the-ball",
        "name": "The One With the Ball",
        "seasonId": 5,
        "number": 21,
        "airstamp": "1999-05-06T20:00:00-04:00",
        "runtime": 30,
        "image_medium": "http://static.tvmaze.com/uploads/images/medium_landscape/46/115074.jpg",
        "image_original": "http://static.tvmaze.com/uploads/images/original_untouched/46/115074.jpg",
        "summary": "Gary (Michael Rapaport) asks Phoebe to live with him; a game of catch goes on for hours; Rachel buys an expensive cat."
    },
    {
        "_id": 764,
        "url": "http://www.tvmaze.com/episodes/40764/friends-5x22-the-one-with-joeys-big-break",
        "name": "The One With Joey's Big Break",
        "seasonId": 5,
        "number": 22,
        "airstamp": "1999-05-13T20:00:00-04:00",
        "runtime": 30,
        "image_medium": "http://static.tvmaze.com/uploads/images/medium_landscape/46/115075.jpg",
        "image_original": "http://static.tvmaze.com/uploads/images/original_untouched/46/115075.jpg",
        "summary": "Joey is cast in an independent film to be shot in the desert outside Las Vegas; Phoebe's angry with Ross."
    },
    {
        "_id": 765,
        "url": "http://www.tvmaze.com/episodes/40765/friends-5x23-the-one-in-vegas-1",
        "name": "The One in Vegas (1)",
        "seasonId": 5,
        "number": 23,
        "airstamp": "1999-05-20T20:00:00-04:00",
        "runtime": 30,
        "image_medium": "http://static.tvmaze.com/uploads/images/medium_landscape/46/115076.jpg",
        "image_original": "http://static.tvmaze.com/uploads/images/original_untouched/46/115076.jpg",
        "summary": "Chandler and Monica celebrate their first anniversary; the gang goes to \nVegas to visit Joey; Chandler finds out about Monica's lunch with \nRichard."
    },
    {
        "_id": 766,
        "url": "http://www.tvmaze.com/episodes/40766/friends-5x24-the-one-in-vegas-2",
        "name": "The One in Vegas (2)",
        "seasonId": 5,
        "number": 24,
        "airstamp": "1999-05-20T20:00:00-04:00",
        "runtime": 30,
        "image_medium": "http://static.tvmaze.com/uploads/images/medium_landscape/46/115077.jpg",
        "image_original": "http://static.tvmaze.com/uploads/images/original_untouched/46/115077.jpg",
        "summary": "In Vegas, Monica and Chandler reconcile and literally roll the dice on \nwhether to get married, while one couple actually do tie the knot."
    }
]